{
    "autonomy_level": 5,  
    "questions": [ 
        {
            "question": "When the fast car begins its lane change, approximately how far ahead was the slow-moving car visible to the ego vehicle?",
            "options": ["25 meters", "The car was not visible", "Over 50 meters"],
            "answer": "25 meters"
        },
        {
            "question": "What directly triggered the need for the ego vehicle to change its behavior?",
            "options": ["The fast car changing lanes and blocking the ego vehicle's path", "The slow car driving too slowly in the lane", "The ego vehicle realizing it was too close to the fast car"],
            "answer": "The fast car changing lanes and blocking the ego vehicle's path"
        },
        {
            "question": "If the ego vehicle had failed to react in time, the most likely consequence would have been:",
            "options": ["A sideswipe collision with the fast car as it changed lanes.", "The ego vehicle would have run off the road to the right  ", "A rear-end collision with the slow-moving car."],
            "answer": "A sideswipe collision with the fast car as it changed lanes."
        }
    
    ]
}