{
    "autonomy_level": 0,  
    "questions": [ 
        {
            "question": "Approximetly how many seconds were you waiting for the traffic lights to turn?",
            "options": ["5-10", "10-15", "15-20"],
            "answer": "10-15"
        },
        {
            "question": "While waiting to turn, which way did you anticipate the traffic on the left was going?",
            "options": ["Left", "Right", "Straight"],
            "answer": "Straight"
        },
        {
            "question": "If the timing of the traffic light had been different, forcing you to wait longer, which of these potential risks could have arisen?",
            "options": ["Other cars might start honking", "Vehicle could have run the red light", "Unsure"],
            "answer": "Vehicle could have run the red light"
        }
    ]
}