{
    "autonomy_level": 3,  
    "questions": [ 
        {
            "question": "At the time of the autopilot handover, how many construction cones were visible to the left of the ego vehicle?",
            "options": ["The construction zone was on the right, not the left", "5", "There were no cones visible"],
            "answer": "The construction zone was on the right, not the left"
        },
        {
            "question": "Why was control handed back to the driver?",
            "options": ["The car was approaching a potential hazard (the construction zone)", "The autopilot reached a time limit and automatically disengaged", "The car detected a pedestrian crossing the road ahead"],
            "answer": "The car was approaching a potential hazard (the construction zone)"
        },
        {
            "question": "If the autopilot had not been disengaged, what is the most likely risk that could have occurred?",
            "options": ["The car's speed might have dropped too low, causing a traffic jam", "The car could have collided with a construction barrier or equipment", "The car might have run out of fuel before reaching its destination."],
            "answer": "The car could have collided with a construction barrier or equipment"
        }
    ]
}