[
    {
        "scenario_name": "Scenario1",
        "autonomy_level": 0,
        "scenario_completed": true,
        "quiz_results": {
            "total_questions": 3,
            "correct_answers": 2,
            "total_time": 67.75319910049438
        },
        "timestamp": "2024-05-05 14:44:18"
    },
    {
        "scenario_name": "Scenario2",
        "autonomy_level": 3,
        "scenario_completed": true,
        "quiz_results": {
            "total_questions": 3,
            "correct_answers": 3,
            "total_time": 56.75503754615784
        },
        "timestamp": "2024-05-05 14:46:49"
    },
    {
        "scenario_name": "Scenario3",
        "autonomy_level": 5,
        "scenario_completed": true,
        "quiz_results": {
            "total_questions": 3,
            "correct_answers": 2,
            "total_time": 67.62201380729675
        },
        "timestamp": "2024-05-05 14:49:29"
    },
    {
        "scenario_name": "Scenario1",
        "autonomy_level": 0,
        "scenario_completed": true,
        "quiz_results": {
            "total_questions": 3,
            "correct_answers": 1,
            "total_time": 70.49549913406372
        },
        "timestamp": "2024-05-05 14:54:50"
    },
    {
        "scenario_name": "Scenario2",
        "autonomy_level": 3,
        "scenario_completed": true,
        "quiz_results": {
            "total_questions": 3,
            "correct_answers": 3,
            "total_time": 63.12296652793884
        },
        "timestamp": "2024-05-05 14:56:19"
    },
    {
        "scenario_name": "Scenario3",
        "autonomy_level": 5,
        "scenario_completed": true,
        "quiz_results": {
            "total_questions": 3,
            "correct_answers": 2,
            "total_time": 80.21255207061768
        },
        "timestamp": "2024-05-05 14:58:53"
    },
    {
        "scenario_name": "Scenario1",
        "autonomy_level": 0,
        "scenario_completed": true,
        "quiz_results": {
            "total_questions": 3,
            "correct_answers": 2,
            "total_time": 86.36360836029053
        },
        "timestamp": "2024-05-06 17:02:25"
    },
    {
        "scenario_name": "Scenario2",
        "autonomy_level": 3,
        "scenario_completed": true,
        "quiz_results": {
            "total_questions": 3,
            "correct_answers": 2,
            "total_time": 56.63703989982605
        },
        "timestamp": "2024-05-06 17:04:43"
    },
    {
        "scenario_name": "Scenario3",
        "autonomy_level": 5,
        "scenario_completed": true,
        "quiz_results": {
            "total_questions": 3,
            "correct_answers": 1,
            "total_time": 79.18233728408813
        },
        "timestamp": "2024-05-06 17:07:39"
    },
    {
        "scenario_name": "Scenario1",
        "autonomy_level": 0,
        "scenario_completed": true,
        "quiz_results": {
            "total_questions": 3,
            "correct_answers": 2,
            "total_time": 58.79949140548706
        },
        "timestamp": "2024-05-06 21:24:24"
    },
    {
        "scenario_name": "Scenario2",
        "autonomy_level": 3,
        "scenario_completed": true,
        "quiz_results": {
            "total_questions": 3,
            "correct_answers": 2,
            "total_time": 55.482564210891724
        },
        "timestamp": "2024-05-06 21:27:00"
    },
    {
        "scenario_name": "Scenario3",
        "autonomy_level": 5,
        "scenario_completed": true,
        "quiz_results": {
            "total_questions": 3,
            "correct_answers": 1,
            "total_time": 95.40545439720154
        },
        "timestamp": "2024-05-06 21:29:54"
    },
    {
        "scenario_name": "Scenario1",
        "autonomy_level": 0,
        "scenario_completed": true,
        "quiz_results": {
            "total_questions": 3,
            "correct_answers": 1,
            "total_time": 54.51977229118347
        },
        "timestamp": "2024-05-07 19:05:55"
    },
    {
        "scenario_name": "Scenario2",
        "autonomy_level": 3,
        "scenario_completed": true,
        "quiz_results": {
            "total_questions": 3,
            "correct_answers": 3,
            "total_time": 54.194260358810425
        },
        "timestamp": "2024-05-07 19:07:30"
    },
    {
        "scenario_name": "Scenario3",
        "autonomy_level": 5,
        "scenario_completed": true,
        "quiz_results": {
            "total_questions": 3,
            "correct_answers": 1,
            "total_time": 42.639488220214844
        },
        "timestamp": "2024-05-07 19:09:31"
    },
    {
        "scenario_name": "Scenario1",
        "autonomy_level": 0,
        "scenario_completed": true,
        "quiz_results": {
            "total_questions": 3,
            "correct_answers": 2,
            "total_time": 18.047385931015015
        },
        "timestamp": "2024-05-14 14:06:22"
    },
    {
        "scenario_name": "Scenario1",
        "autonomy_level": 0,
        "scenario_completed": true,
        "quiz_results": {
            "total_questions": 3,
            "correct_answers": 2,
            "total_time": 36.80453109741211
        },
        "timestamp": "2024-05-14 15:11:20"
    }
]